City,City.1,State/Province,Country,Latitude,Longitude,Unnamed: 6,Unnamed: 7,Unnamed: 8,Unnamed: 9,Unnamed: 10,Unnamed: 11,Unnamed: 12
PARKESBURG,Parkesburg,PA,,39.958435,-75.918264,,,,,,,
WESTFIELD,Westfield,MA,,42.125092,-72.749538,,,,,,,
ACKERMAN,Ackerman,GA,,33.3118,-83.9663,,,,,,,
ANAHEIM,Anaheim,CA,,33.836593,-117.914301,,,,,,,
AVENEL,Avenel,NJ,,40.583156,-74.284588,,,,,,,
BATON ROUGE,Baton Rouge,LA,,30.451468,-91.187147,,,,,,,
BUENA PARK,Buena Park,CA,,33.867514,-117.998118,,,,,,,
CARMENITA,Carmenita,CA,,33.87918,-118.04535,,,,,,,
CHARLESTOWN,Charlestown,IN,,38.453676,-85.670241,,,,,,,
CHARLOTTE,Charlotte,NC,,35.227087,-80.843127,,,,,,,
CHESAPEAKE,Chesapeake,VA,,36.768209,-76.287493,,,,,,,
EAST MORRIS,East Morris,IL,,41.35753,-88.42173,,,,,,,
ELIZABETH,Elizabeth,NJ,,40.663991,-74.2107,,,,,,,
FORT WORTH,Fort Worth,TX,,32.755488,-97.330766,,,,,,,
FULCO,Fulco,GA,,33.749099,-84.390185,,,,,,,
JACKSON,Jackson,TN,,35.614516,-88.813947,,,,,,,
MIDDLETON,Middleton,SC,,32.90046,-80.13554,,,,,,,
PARAMOUNT,Paramount,CA,,33.88946,-118.159791,,,,,,,
PARKERSBURG,Parkersburg,WV,,39.266741,-81.561514,,,,,,,
PHILADELPHIA,Philadelphia,PA,,39.952584,-75.165222,,,,,,,
PORT BIENVILLE,Port Bienville,MS,,30.2513,-89.4545,,,,,,,
PORTSMOUTH,Portsmouth,VA,,36.835425,-76.298274,,,,,,,
SAN BERNARDINO,San Bernardino,CA,,34.108345,-117.289765,,,,,,,
SANTA FE SPRINGS,Santa Fe Springs,CA,,33.947236,-118.085345,,,,,,,
ST CLAIR,St. Clair,MI,,42.82031,-82.48686,,,,,,,
STOCKTON,Stockton,CA,,37.957702,-121.29078,,,,,,,
UNION CITY,Union City,GA,,33.587057,-84.54243,,,,,,,
VALLA,Valla,CA,,34.052235,-118.243683,,,,,,,
VINA VISTA,Vina Vista,CA,,38.104086,-122.25664,,,,,,,
WARE,Ware,MA,,42.25954,-72.24009,,,,,,,
WORCHESTER,Worcester,MA,,42.262593,-71.802293,,,,,,,
CANDOR,Candor,NC,,35.29571,-79.74198,,,,,,,
BURLINGTON,Burlington,NJ,,40.07116,-74.86432,,,,,,,
CHESTER,Chester,PA,,39.849557,-75.355746,,,,,,,
CORNWELLS HEIGHTS,Cornwells Heights,PA,,40.07289,-74.94933,,,,,,,
MIAMI,Miami,FL,,25.76168,-80.19179,,,,,,,
PHILADELPHIA,Philadelphia,PA,,39.952584,-75.165222,,,,,,,
SIDNEY,Sidney,NE,,41.14499,-102.97771,,,,,,,
PEORIA,Peoria,IL,,40.693648,-89.588986,,,,,,,
CAMANCHE,Camanche,IA,,41.78864,-90.25402,,,,,,,
CLINTON,Clinton,IA,,41.844473,-90.188737,,,,,,,
EVANSVILLE,Evansville,IN,,37.971559,-87.57109,,,,,,,
MARSEILLES,Marseilles,IL,,41.33003,-88.70702,,,,,,,
MCCLELLAN PARK,McClellan Park,CA,,38.66712,-121.40162,,,,,,,
ROGERS,Rogers,CA,,34.009351,-118.497468,,,,,,,
KANSAS CITY,Kansas City,MO,,39.099727,-94.578567,,,,,,,
ST LOUIS,St. Louis,MO,,38.627003,-90.199404,,,,,,,
HEREFORD,Hereford,TX,,34.815053,-102.397146,,,,,,,
HOLCOMB,Holcomb,KS,,37.98724,-100.98987,,,,,,,
NEBRASKA CITY,Nebraska City,NE,,40.67667,-95.85917,,,,,,,
PEKIN,Pekin,IL,,40.567538,-89.640659,,,,,,,
WAPAKONETA,Wapakoneta,OH,,40.567,-84.19244,,,,,,,
LEDUC,Leduc,AB,,53.264,-113.55,,,,,,,
GALENA PARK,Galena Park,TX,,29.73356,-95.23382,,,,,,,
BEDFORD QUARRY,Bedford Quarry,NS,,44.725,-63.65,,,,,,,
DARTMOUTH,Dartmouth,NS,,44.67134,-63.57719,,,,,,,
PASADENA,Pasadena,TX,,29.691063,-95.2091,,,,,,,
SAINT PAUL,Saint Paul,MN,,44.953703,-93.089958,,,,,,,
AMBRIDGE,Ambridge,PA,,40.58923,-80.22534,,,,,,,
BROOKLYN,Brooklyn,NY,,40.678178,-73.944158,,,,,,,
VENUS,Venus,TX,,32.43514,-97.10251,,,,,,,
KENTON,Kenton,OH,,40.64672,-83.60909,,,,,,,
STONY RIDGE,Stony Ridge,OH,,41.51144,-83.51021,,,,,,,
TOLEDO,Toledo,OH,,41.652805,-83.537867,,,,,,,
WALBRIDGE,Walbridge,OH,,41.58894,-83.48882,,,,,,,
ANTIOCH,Antioch,CA,,38.004921,-121.805789,,,,,,,
KANSAS CITY,Kansas City,MO,,39.099727,-94.578567,,,,,,,
PEMBROKE,Pembroke,GA,,32.13604,-81.62235,,,,,,,
PORTSMOUTH,Portsmouth,VA,,36.835425,-76.298274,,,,,,,
ASHCROFT,Ashcroft,BC,,50.725,-121.282778,,,,,,,
SPARWOOD,Sparwood,BC,,49.733333,-114.883333,,,,,,,
EDMONTON,Edmonton,AB,,53.546125,-113.493823,,,,,,,
FT SASKATCHEWAN,Ft Saskatchewan,AB,,53.7125,-113.213611,,,,,,,
DALLAS MILLER YARD,Dallas Miller Yard,TX,,32.776665,-96.796989,,,,,,,
CHILLIWACK,Chilliwack,BC,,49.15794,-121.95147,,,,,,,
VERMILION BAY,Vermilion Bay,ON,,49.85,-93.35,,,,,,,
KAMLOOPS,Kamloops,BC,,50.674522,-120.327267,,,,,,,
PORTLAND,Portland,OR,,45.515232,-122.678385,,,,,,,
TACOMA,Tacoma,WA,,47.252877,-122.444291,,,,,,,
PORT COQUITLAM,Port Coquitlam,BC,,49.2625,-122.781111,,,,,,,
PORT COQUITLAM,Port Coquitlam,BC,,49.2625,-122.781111,,,,,,,
HENDERSON,Henderson,NV,,36.039525,-114.981721,,,,,,,
SHERWOOD PARK,Sherwood Park,AB,,53.516667,-113.318333,,,,,,,
SASKATOON TFR,Saskatoon TFR,SK,,52.133333,-106.683333,,,,,,,
CALGARY,Calgary,AB,,51.044733,-114.071883,,,,,,,
CALGARY,Calgary,AB,,51.044733,-114.071883,,,,,,,
JOSEPHBURG,Josephburg,AB,,53.65,-113.1,,,,,,,
SCOTFORD,Scotford,AB,,53.7,-113.2,,,,,,,
INDIANAPOLIS,Indianapolis,IN,,39.768403,-86.158068,,,,,,,
ODON,Odon,IN,,38.84227,-86.99334,,,,,,,
WINSTON-SALEM,Winston-Salem,NC,,36.099861,-80.244217,,,,,,,
OAKWOOD,Oakwood,GA,,34.22704,-83.88462,,,,,,,
SANFORD,Sanford,NC,,35.479875,-79.180299,,,,,,,
ELK GROVE VILLAGE,Elk Grove Village,IL,,42.003917,-87.970346,,,,,,,
SANDERSVILLE,Sandersville,GA,,32.98154,-82.81097,,,,,,,
SYLACUAGA,Sylacauga,AL,,33.17318,-86.25108,,,,,,,
TALLADEGA,Talladega,AL,,33.43594,-86.1058,,,,,,,
MORRISVILLE,Morrisville,PA,,40.2115,-74.78738,,,,,,,
BILLINGS,Billings,MT,,45.783286,-108.50069,,,,,,,
ROSS,Ross,ND,,48.31362,-102.54601,,,,,,,
BURLINGTON,Burlington,VT,,44.475882,-73.212072,,,,,,,
TULSA,Tulsa,OK,,36.153982,-95.992775,,,,,,,
PANAMA CITY,Panama City,FL,,30.158813,-85.660206,,,,,,,
CINCINNATI,Cincinnati,OH,,39.103118,-84.51202,,,,,,,
PORT OF STOCKTON,Port of Stockton,CA,,37.9587,-121.29078,,,,,,,
WHEATLAND,Wheatland,PA,,41.20089,-80.49702,,,,,,,
SHOSHONI,Shoshoni,WY,,43.23496,-108.11038,,,,,,,
ODESSA,Odessa,TX,,31.845682,-102.367645,,,,,,,
ANTHONY,Anthony,TX,,31.99454,-106.59249,,,,,,,
ASHLEY,Ashley,TX,,30.08017,-94.12604,,,,,,,
SILLS,Sills,NY,,40.712776,-74.005974,,,,,,,
NORTH LITTLE ROCK,North Little Rock,AR,,34.769536,-92.267094,,,,,,,
BLOOMINGTON,Bloomington,MN,,44.840798,-93.29828,,,,,,,
GOSHEN,Goshen,IN,,41.58227,-85.83444,,,,,,,
FOSTORIA,Fostoria,OH,,41.15672,-83.41604,,,,,,,
COLUMBIANA,Columbiana,OH,,40.88867,-80.69313,,,,,,,
MONAHANS,Monahans,TX,,31.59404,-102.89238,,,,,,,
SEAGRAVES,Seagraves,TX,,32.94454,-102.56435,,,,,,,
LINCOLN,Lincoln,AL,,33.59594,-86.11886,,,,,,,
LITTLE ROCK,Little Rock,AR,,34.746481,-92.289595,,,,,,,
BUCKEYE,Buckeye,AZ,,33.37032,-112.58378,,,,,,,
NORTH PORTLAND,North Portland,OR,,45.58329,-122.72274,,,,,,,
STOCKTON,Stockton,CA,,37.957702,-121.29078,,,,,,,
AHORCADO,Ahorcado,QA,,25.286667,51.533333,,,,,,,
ATITALAQUIA,Atitalaquia,HG,,20.083333,-99.216667,,,,,,,
GUADALAJARA,Guadalajara,JA,,20.659698,-103.349609,,,,,,,
HERMOSILLO,Hermosillo,SO,,29.072967,-110.955919,,,,,,,
MACLOVIO HERRERA,Maclovio Herrera,EM,,19.35869,-99.20329,,,,,,,
MEXICALI,Mexicali,BJ,,32.651944,-115.468333,,,,,,,
QUERETARO,Queretaro,QA,,20.588793,-100.389888,,,,,,,
SALINAS VICTORIA,Salinas Victoria,NL,,25.95,-100.283333,,,,,,,
SAN LUIS POTOSI,San Luis Potosi,SL,,22.156469,-100.98554,,,,,,,
SAN PEDRO GARZA GARCIA,San Pedro Garza Garcia,NL,,25.666667,-100.4,,,,,,,
TLALNEPANTLA,Tlalnepantla,EM,,19.53928,-99.1951,,,,,,,
TOLUCA,Toluca,EM,,19.282609,-99.655665,,,,,,,
TULA,Tula,HG,,20.0525,-99.3435,,,,,,,
VILLA DE GARCIA,Villa de Garcia,NL,,25.811,-100.595,,,,,,,
BELPRE,Belpre,OH,,39.27341,-81.57262,,,,,,,
BETHLEHEM,Bethlehem,PA,,40.625932,-75.370458,,,,,,,
BRONX,Bronx,NY,,40.844782,-73.864827,,,,,,,
BUSCH,Busch,FL,,28.03361,-82.44972,,,,,,,
CHICAGO HEIGHTS,Chicago Heights,IL,,41.506146,-87.6356,,,,,,,
COUNCIL BLUFFS,Council Bluffs,IA,,41.261944,-95.860833,,,,,,,
FORT WORTH,Fort Worth,TX,,32.755488,-97.330766,,,,,,,
HODGKINS,Hodgkins,IL,,41.76892,-87.87617,,,,,,,
LAFAYETTE,Lafayette,IN,,40.416702,-86.875287,,,,,,,
MORRISVILLE,Morrisville,PA,,40.2115,-74.78738,,,,,,,
NORTH BERGEN,North Bergen,NJ,,40.804267,-74.012084,,,,,,,
PATERSON,Paterson,NJ,,40.916765,-74.171811,,,,,,,
PHILADELPHIA,Philadelphia,PA,,39.952583,-75.165222,,,,,,,
WILLIAMSPORT,Williamsport,PA,,41.241189,-77.001078,,,,,,,
BURLINGTON,Burlington,IA,,40.807539,-91.112923,,,,,,,
LE MARS,Le Mars,IA,,42.7947,-96.16558,,,,,,,
VALLEY PARK,Valley Park,MO,,38.54922,-90.49262,,,,,,,
SHREVEPORT,Shreveport,LA,,32.525152,-93.750179,,,,,,,
COTULLA,Cotulla,TX,,28.43694,-99.23533,,,,,,,
JACKSONVILLE,Jacksonville,FL,,30.332184,-81.655651,,,,,,,
BRANDON,Brandon,MB,,49.84692,-99.95306,,,,,,,
HORNBY,Hornby,ON,,43.55,-79.85,,,,,,,
KAMLOOPS,Kamloops,BC,,50.674522,-120.327267,,,,,,,
SWEETWATER,Sweetwater,TX,,32.47093,-100.40593,,,,,,,
SWEETWATER,Sweetwater,TX,,32.47093,-100.40593,,,,,,,
CONCORD,Concord,ON,,43.8,-79.5,,,,,,,
BLOOMINGTON,Bloomington,MN,,44.840798,-93.29828,,,,,,,
CANNON FALLS,Cannon Falls,MN,,44.50691,-92.90548,,,,,,,
CENTERVILLE,Centerville,IA,,40.72917,-92.87408,,,,,,,
ELK GROVE VILLAGE,Elk Grove Village,IL,,42.003917,-87.970346,,,,,,,
EMERY,Emery,IA,,43.3,-96.5,,,,,,,
GASTONIA,Gastonia,NC,,35.26208,-81.1873,,,,,,,
LAKEVILLE,Lakeville,MN,,44.64969,-93.24272,,,,,,,
MASON CITY,Mason City,IA,,43.153572,-93.201037,,,,,,,
MORAVIA,Moravia,IA,,40.89834,-92.81547,,,,,,,
NORMA,Norma,WI,,44.5,-89.5,,,,,,,
RANDOLPH,Randolph,MN,,44.52663,-93.01047,,,,,,,
ST LOUIS,St. Louis,MO,,38.627003,-90.199404,,,,,,,
UNION,Union,MO,,38.45033,-91.00848,,,,,,,
WADESBORO,Wadesboro,NC,,34.96849,-80.07339,,,,,,,
ARGO,Argo,IL,,41.78892,-87.80561,,,,,,,
CLEBURNE,Cleburne,TX,,32.347643,-97.386683,,,,,,,
FRANKLIN PARK,Franklin Park,IL,,41.93531,-87.86534,,,,,,,
GRAND PRAIRE,Grand Prairie,TX,,32.745964,-96.997785,,,,,,,
GRIFFIN,Griffin,FL,,28.06667,-81.96667,,,,,,,
MEMPHIS,Memphis,TN,,35.149534,-90.04898,,,,,,,
MOCKINGBIRD,Mockingbird,TX,,32.7338,-96.9985,,,,,,,
OAKLAND,Oakland,NJ,,41.01371,-74.23709,,,,,,,
ORLANDO,Orlando,FL,,28.538336,-81.379234,,,,,,,
CHEHALIS,Chehalis,WA,,46.66253,-122.96402,,,,,,,
COLTON,Colton,CA,,34.0739,-117.3137,,,,,,,
JUNCTON CITY,Junction City,OR,,44.21929,-123.20454,,,,,,,
SALEM,Salem,OR,,44.942898,-123.035096,,,,,,,
GRANITE CITY,Granite City,IL,,38.701436,-90.14872,,,,,,,
HASTINGS,Hastings,NE,,40.58626,-98.38987,,,,,,,
CHAMBERSBURG,Chambersburg,PA,,39.937592,-77.661103,,,,,,,
EAST MODESTO,East Modesto,CA,,37.639097,-120.996878,,,,,,,
MODESTO,Modesto,CA,,37.639097,-120.996878,,,,,,,
NORTH BEND,North Bend,NE,,41.46278,-96.78947,,,,,,,
SAINT EDWARD,Saint Edward,NE,,41.57001,-97.86033,,,,,,,
ENID,Enid,OK,,36.395589,-97.878391,,,,,,,
SHATTUCK,Shattuck,OK,,36.27087,-99.87845,,,,,,,
SAVANNAH,Savannah,GA,,32.080899,-81.091203,,,,,,,
STOCKTON,Stockton,CA,,37.957702,-121.29078,,,,,,,
BAY CITY,Bay City,TX,,28.982876,-95.969402,,,,,,,
ESSINGTON,Essington,PA,,39.86317,-75.29768,,,,,,,
GREENVILLE,Greenville,SC,,34.852619,-82.39401,,,,,,,
LA PORTE,La Porte,IN,,41.611145,-86.715836,,,,,,,
SPENCE,Spence,TX,,32.735687,-97.108066,,,,,,,
WITCO,Witco,TX,,31.117119,-97.727796,,,,,,,
LUBBOCK,Lubbock,TX,,33.577863,-101.855166,,,,,,,
NAVASOTA,Navasota,TX,,30.387707,-96.087739,,,,,,,
SLATON,Slaton,TX,,33.437315,-101.641548,,,,,,,
SAN ANTONIO,San Antonio,TX,,29.424122,-98.493629,,,,,,,
CINCINNATI,Cincinnati,OH,,39.103119,-84.512016,,,,,,,
NORTH FLINT,North Flint,MI,,43.012527,-83.687456,,,,,,,
PALMER,Palmer,MA,,42.158428,-72.32814,,,,,,,
MISSISSAUGA,Mississauga,ON,,43.589045,-79.64412,,,,,,,
SARNIA,Sarnia,ON,,42.974536,-82.40659,,,,,,,
ASHCROFT,Ashcroft,BC,,50.725,-121.282778,,,,,,,
ATIKOKAN,Atikokan,ON,,48.758333,-91.621111,,,,,,,
BIENFAIT,Bienfait,SK,,49.148611,-102.818056,,,,,,,
CALGARY,Calgary,AB,,51.044733,-114.071883,,,,,,,
CONCORD,Concord,ON,,43.8,-79.5,,,,,,,
DETROIT,Detroit,MI,,42.331427,-83.045754,,,,,,,
EDMONTON,Edmonton,AB,,53.546125,-113.493823,,,,,,,
EDMUNSTON,Edmundston,NB,,47.373611,-68.325,,,,,,,
EDSON,Edson,AB,,53.581944,-116.434167,,,,,,,
FLAT ROCK,Flat Rock,MI,,42.09615,-83.29104,,,,,,,
HAMILTON,Hamilton,ON,,43.255721,-79.871102,,,,,,,
HARVEY,Harvey,IL,,41.610034,-87.646713,,,,,,,
LONDON EAST,London East,ON,,42.98324,-81.24337,,,,,,,
MARKHAM,Markham,IL,,41.593644,-87.694491,,,,,,,
MEMPHIS,Memphis,TN,,35.149534,-90.04898,,,,,,,
MONCTON,Moncton,NB,,46.087817,-64.778231,,,,,,,
MONTREAL TASCH YARD,Montreal Tasch Yard,QC,,45.501689,-73.567256,,,,,,,
NEW WESTMINSTER,New Westminster,BC,,49.205717,-122.910956,,,,,,,
NORTH BATTELFORD,North Battleford,SK,,52.7575,-108.286111,,,,,,,
NORTH VANCOUVER,North Vancouver,BC,,49.32,-123.072,,,,,,,
PRINCE GEORGE,Prince George,BC,,53.917064,-122.749669,,,,,,,
SAINT JOHN,Saint John,NB,,45.273315,-66.063308,,,,,,,
SAINT-LAURENT,Saint-Laurent,QC,,45.5,-73.666667,,,,,,,
SASKATOON,Saskatoon,SK,,52.1579,-106.67,,,,,,,
SCOTFORD,Scotford,AB,,53.7,-113.2,,,,,,,
SURREY,Surrey,BC,,49.104431,-122.801094,,,,,,,
VANCOUVER,Vancouver,BC,,49.282729,-123.120738,,,,,,,
VICKERS HEIGHTS,Vickers Heights,ON,,48.3717,-89.3216,,,,,,,
WARREN,Warren,MI,,42.514456,-83.014652,,,,,,,
WILLMAR,Willmar,SK,,50.283333,-102.516667,,,,,,,
WINNIPEG,Winnipeg,MB,,49.895138,-97.138374,,,,,,,
WOODNORTH,Woodnorth,MB,,49.7,-100.966667,,,,,,,
EDMONTON,Edmonton,AB,,53.546125,-113.493823,,,,  ,,,
MATANE,Matane,QC,,48.85,-67.533333,,,,,,,
SURREY,Surrey,BC,,49.104431,-122.801094,,,, , , , 
NEW ORLEANS,New Orleans,LA,,29.951065,-90.071533,,,, , , , 
MONTREAL,Montreal,QC,,45.501689,-73.567256,,,, , , , 
QUEBEC,Quebec,QC,,46.813878,-71.207981,,,, , , , 
CALGARY,Calgary,AB,,51.044733,-114.071883,,,,,,,
EDMONTON,Edmonton,AB,,53.546125,-113.493823,,,, ,,,
ELK GROVE VILLAGE,Elk Grove Village,IL,,42.003918,-87.970346,,,,,,,
GUELPH,Guelph,ON,,43.544805,-80.248167,,,,,,,
RED DEER,Red Deer,AB,,52.268112,-113.811238,,,,,,,
REGINA,Regina,SK,,50.445211,-104.618894,,,,,,,
SASKATOON,Saskatoon,SK,,52.1579,-106.67,,,,,,,
VAUDREUIL-DORION,Vaudreuil-Dorion,QC,,45.4,-74.033333,,,,,,,
WINNIPEG,Winnipeg,MB,,49.895138,-97.138374,,,,,,,
CONCORD,Concord,ON,,43.8,-79.5,,,,,,,
MEMPHIS,Memphis,TN,,35.149534,-90.04898,,,,,,,
STE-FOY,Ste-Foy,QC,,46.78,-71.28,,,,,,,
CONCORD,Concord,ON,,43.8,-79.5,,,,,,,
BROCKVILLE,Brockville,ON,,44.591999,-75.68713,,,,,,,
HAMILTON,Hamilton,ON,,43.255721,-79.871102,,,,,,,
SASKATOON,Saskatoon,SK,,52.1579,-106.67,,,,,,,
WAXAHACHIE,Waxahachie,TX,,32.386531,-96.848331,,,,,,,
SAVANNAH,Savannah,GA,,32.080899,-81.091203,,,,,,,
WILMINGTON,Wilmington,NC,,34.2257,-77.9447,,,,,,,
COLUMBIA GARDENS,Columbia Gardens,BC,,49.116667,-117.716667,,,,,,,
CELAYA,Celaya,GJ,,20.523889,-100.815,,,,,,,
CIUDAD GENERAL ESCOBEDO,Ciudad General Escobedo,NL,,25.7951,-100.317,,,,,,,
OJO SECO,Ojo Seco,GJ,,20.383333,-101,,,,,,,
SAN LUIS POTOSI,San Luis Potosí,SL,,22.1565,-100.9855,,,,,,,
ALTAMIRA,Altamira,TM,,22.3929,-97.9236,,,,,,,
SQUAMISH,Squamish,BC,,49.7016,-123.1558,,,,,,,
ALIQUIPPA,Aliquippa,PA,,40.6159,-80.2601,,,,,,,
ALIQUIPPA,Aliquippa,PA,,40.6159,-80.2601,,,,,,,
BARTON,Barton,VT,,44.7487,-72.1751,,,,,,,
LYNDONVILLE,Lyndonville,VT,,44.5356,-72.004,,,,,,,
SUPERIOR EAST END,Superior East End,WI,,46.7208,-92.0663,,,,,,,
BINGHAMTON,Binghamton,NY,,42.0987,-75.918,,,,,,,
EDGEMOOR,Edgemoor,DE,,39.7587,-75.4991,,,,,,,
EDISON,Edison,NJ,,40.5187,-74.4121,,,,,,,
ELKTON,Elkton,MD,,39.6068,-75.8333,,,,,,,
WORCHESTER,Worcester,MA,,42.2626,-71.8023,,,,,,,
WEST SPRINGFIELD,West Springfield,MA,,42.107,-72.6204,,,,,,,
WESTFIELD,Westfield,MA,,42.1251,-72.7495,,,,,,,
EAST ST LOUIS,East St. Louis,MO,,38.6245,-90.1505,,,,,,,
MINNEAPOLIS,Minneapolis,MN,,44.9778,-93.265,,,,,,,
PANAMA CITY,Panama City,FL,,30.1588,-85.6602,,,,,,,
VILLA DE REYAS,Villa de Reyes,SL,,21.8033,-100.9317,,,,,,,
GREEN BAY,Green Bay,WI,,44.5192,-88.0198,,,,,,,
RIPON,Ripon,WI,,43.8422,-88.8387,,,,,,,
CLEARFIELD,Clearfield,UT,,41.1108,-112.026,,,,,,,
LATHROP,Lathrop,CA,,37.8226,-121.2761,,,,,,,
MAYWOOD,Maywood,CA,,33.9867,-118.1853,,,,,,,
OGDEN,Ogden,UT,,41.223,-111.9738,,,,,,,
PHOENIX,Phoenix,AZ,,33.4484,-112.074,,,,,,,
RIVERSIDE,Riverside,CA,,33.9806,-117.3755,,,,,,,
SCAPPOOSE,Scappoose,OR,,45.7543,-122.8776,,,,,,,
SEATTLE,Seattle,WA,,47.6062,-122.3321,,,,,,,
TACOMA,Tacoma,WA,,47.2529,-122.4443,,,,,,,
VALLA,Valla,CA,,36.7783,-119.4179,,,,,,,
VANCOUVER,Vancouver,WA,,45.6387,-122.6615,,,,,,,
BENSENVILLE,Bensenville,IL,,41.955,-87.9401,,,,,,,
CHICAGO,Chicago,IL,,41.8781,-87.6298,,,,,,,
KANSAS CITY,Kansas City,MO,,39.0997,-94.5786,,,,,,,
SHOREHAM TFR,Shoreham,MN,,46.8739,-96.7678,,,,,,,
STEVENS POINT,Stevens Point,WI,,44.5236,-89.5746,,,,,,,
MORTON,Morton,IL,,40.6128,-89.459,,,,,,,
APODACA,Apodaca,NL,,25.78,-100.1889,,,,,,,
ATEQUIZA,Atequiza,JA,,20.4167,-103.1833,,,,,,,
ECATEPEC,Ecatepec,EM,,19.6018,-99.0507,,,,,,,
MONTERREY,Monterrey,NL,,25.6866,-100.3161,,,,,,,
PAULA,Paula,HG,,20.1167,-98.7333,,,,,,,
SALAMANCA,Salamanca,GJ,,20.5701,-101.1917,,,,,,,
SAN NICHOLAS DE LOS GARZA,San Nicolás de los Garza,NL,,25.749,-100.2896,,,,,,,
TULA DE ALLENDE,Tula de Allende,HG,,20.0522,-99.3439,,,,,,,
TUXPAN,Tuxpan,VL,,20.957,-97.4075,,,,,,,
VILLA DE GARCIA,Villa de García,NL,,25.8106,-100.5947,,,,,,,
PHOENIX,Phoenix,AZ,,33.448376,-112.074036,,,,,,,
PORTLAND,Portland,OR,,45.515232,-122.678385,,,,,,,
CHANNAHON,Channahon,IL,,41.4292,-88.2284,,,,,,,
COAL CITY,Coal City,IL,,41.2881,-88.2823,,,,,,,
OLD HICKORY,Old Hickory,TN,,36.2595,-86.6444,,,,,,,
KATHLEEN,Kathleen,GA,,32.4785,-83.6771,,,,,,,
MACON,Macon,GA,,32.8407,-83.6324,,,,,,,
WEST UPTON,West Upton,MA,,42.1701,-71.6145,,,,,,,
CHICAGO,Chicago,IL,,41.878113,-87.629799,,,,,,,
PORTLAND,Portland,OR,,45.515232,-122.678385,,,,,,,
BAINBRIDGE,Bainbridge,GA,,30.9038,-84.5755,,,,,,,
DULUTH,Duluth,MN,,46.7867,-92.1005,,,,,,,
SUPERIOR,Superior,WI,,46.7208,-92.1041,,,,,,,
PASCO,Pasco,WA,,46.2396,-119.1006,,,,,,,
FUQUAY VARINA,Fuquay-Varina,NC,,35.5843,-78.8,,,,,,,
MEMPHIS,Memphis,TN,,35.1495,-90.049,,,,,,,
SYLACUAGA,Sylacauga,AL,,33.1732,-86.2511,,, ,,,,
MONMOUTH JUNCTION,Monmouth Junction,NJ,,40.3801,-74.5435,,,,,,,
WINCHESTER,Winchester,VA,,39.1857,-78.1633,,, , , , ,
WINCHESTER,Horseheads,NY,,42.167,-76.8205,,,  , , , ,
HORSEHEADS,Horseheads,NY,,42.167,-76.8205,,, , , , ,
HUDSON,Hudson,CO,,40.0733,-104.6383,,, , , , ,
MCCLELLAN PARK,McClellan Park,CA,,38.6672,-121.4011,,, , , , ,
HAMMOND,Hammond,IN,,41.5834,-87.5,,, , , , ,
PASCO,Pasco,WA,,46.23958,-119.10057,,,,,,,
VELOX,Velox,WA,,47.7511,-120.7401,,, ,,,,
BELVIDERE,Belvidere,IL,,42.2639,-88.8443,,,,,,,
APODACA,Apodaca,NL,,25.78,-100.1889,,,,,,,
BLUE ISLAND,Blue Island,IL,,41.6573,-87.6801,,,,,,,
BUREAU JCT,Bureau Junction,IL,,41.2892,-89.3662,,,,,,,
COUNCIL BLUFFS,Council Bluffs,IA,,41.261944,-95.860833,,,,,,,
SANTA TERESA,Santa Teresa,NM,,31.857778,-106.639167,,,,,,,
JOPLIN,Joplin,MO,,37.084227,-94.513281,,,,,,,
S CHICAGO EAST SIDE,South Chicago,IL,,41.739683,-87.55496,,,,,,,
NEW ORLEANS,New Orleans,LA,,29.951065,-90.071533,,,,,,,
MAYWOOD,Maywood,CA,,33.98668,-118.18535,,,,,,,
FARNHAM,Farnham,QC,,45.283333,-72.983333,,,,,,,
HAMILTON,Hamilton,ON,,43.255721,-79.871102,,,,,,,
WOODSTOCK,Woodstock,ON,,43.131496,-80.747165,,,,,,,
FAIRLESS HILLS,Fairless Hills,PA,,40.179001,-74.855438,,,,,,,
NORWOOD,Norwood,NY,,44.7445,-74.9999,,,,,,,
HAWARDEN,Hawarden,IA,,43.001374,-96.483085,,,,,,,
KANSAS CITY,Kansas City,KS,,39.114053,-94.627464,,,,,,,
ORTONVILLE,Ortonville,MN,,45.30413,-96.43922,,,,,,,
SIOUX CITY,Sioux City,IA,,42.499994,-96.400307,,,,,,,
CARR,Carr,CO,,40.89137,-104.91219,,,,,,,
HENDERSON,Henderson,CO,,39.92137,-104.87081,,,,,,,
TAYLORSVILLE,Taylorsville,NC,,35.92124,-81.17648,,,,,,,
PARKER,Parker,AZ,,34.15002,-114.28901,,,,,,,
BAINBRIDGE,Bainbridge,GA,,30.9038,-84.5755,,,,,,,
BALTIMORE,Baltimore,MD,,39.290385,-76.612189,,,,,,,
KANSAS CITY,Kansas City,MO,,39.099727,-94.578567,,,,,,,
CALMAR,Calmar,AB,,53.2668,-113.787,,,,,,,
LEDUC COUNTY,Leduc County,AB,,53.25,-113,,,,,,,
CONOVER,Conover,NC,,35.7068,-81.2187,,,,,,,
STREATOR,Streator,IL,,41.120033,-88.835629,,,,,,,
LIMA,Lima,OH,,40.742551,-84.105225,,,,,,,
NEWTON,Newton,IA,,41.699708,-93.047165,,,,,,,
SEATTLE,Seattle,WA,,47.606209,-122.332069,,,,,,,
SEATTLE,Seattle,WA,,47.606209,-122.332069,,,,,,,
TACOMA,Tacoma,WA,,47.252877,-122.444291,,,,,,,
TACOMA,Tacoma,WA,,47.252877,-122.444291,,,,,,,
MADISON,Madison,IN,,38.735893,-85.379957,,,,,,,
LOUISVILLE,Louisville,KY,,38.252665,-85.758456,,,,,,,
COCOA,Cocoa,FL,,28.386115,-80.741998,,,,,,,
HASTINGS,Hastings,FL,,29.72024,-81.50813,,,,,,,
LIVE OAK,Live Oak,FL,,30.294684,-82.98402,,,,,,,
POMPANO BEACH,Pompano Beach,FL,,26.23786,-80.12477,,,,,,,
RIVIERA BEACH,Riviera Beach,FL,,26.77534,-80.0581,,,,,,,
FORT WORTH,Fort Worth,TX,,32.755488,-97.330766,,,,,,,
ALTOONA,Altoona,IA,,41.64471,-93.46466,,,,,,,
DES MOINES,Des Moines,IA,,41.586835,-93.624959,,,,,,,
BATTLE MOUNTAIN,Battle Mountain,NV,,40.6427,-116.9344,,,,,,,
SALT LAKE CITY,Salt Lake City,UT,,40.760779,-111.891047,,,,,,,
KANSAS CITY,Kansas City,KS,,39.106667,-94.676392,,, ,,,,
NORTH KANSAS CITY,North Kansas City,MO,,39.130005,-94.562171,,, ,,,,
CRESSON,Cresson,TX,,32.53153,-97.61725,,,,,,,
CUCAMONGA,Cucamonga,CA,,34.111675,-117.59303,,,,,,,
FONTANA,Fontana,CA,,34.092233,-117.435048,,,,,,,
HELENDALE,Helendale,CA,,34.74277,-117.33755,,,,,,,
LONG BEACH,Long Beach,CA,,33.77005,-118.193739,,,,,,,
SOUTH FONTANA,South Fontana,CA,,34.05557,-117.4627,,,,,,,
STOCKTON,Stockton,CA,,37.957702,-121.29078,,,,,,,
VERNON,Vernon,CA,,34.0039,-118.23007,,,,,,,
PASCO,Pasco,WA,,46.23958,-119.10057,,,,,,,
VIRGINIA BEACH,Virginia Beach,VA,,36.852926,-75.977985,,,,,,,
WEST MEMPHIS,West Memphis,AR,,35.146484,-90.184538,,,,,,,
JOLIET,Joliet,IL,,41.525031,-88.081725,,,,,,,
COLDWATER,Coldwater,OH,,40.47866,-84.62829,,, ,,,,
KANSAS CITY,Kansas City,MO,,39.099727,-94.578567,,, ,,,,
HAMMOND,Hammond,IN,,41.583368,-87.500043,,, ,,,,
CUTLER,Cutler,IL,,38.06616,-89.58703,,, ,,,,
MOUNT VERNON,Mount Vernon,IL,,38.31727,-88.90312,,,,,,,
MOSS POINT,Moss Point,MS,,30.41131,-88.5347,,,,,,,
BENSON,Benson,AZ,,31.96787,-110.29452,,,,,,,
BLOOMINGTON,Bloomington,CA,,34.07001,-117.3956,,,,,,,
DENVER,Denver,CO,,39.739236,-104.990251,,,,,,,
WEST COLTON,West Colton,CA,,34.07001,-117.3956,,,,,,,
ALVIN,Alvin,TX,,29.423847,-95.244102,,,,,,,
IRVING,Irving,TX,,32.819595,-96.945419,,,,,,,
SHELBY,Shelby,MT,,48.505,-111.856389,,,,,,,
SUMAS,Sumas,WA,,48.999722,-122.264167,,,,,,,
DUBOIS,DuBois,PA,,41.119534,-78.760517,,,,,,,
ALSIP,Alsip,IL,,41.668921,-87.738661,,,,,,,
BEDFORD PARK,Bedford Park,IL,,41.759198,-87.798661,,,,,,,
BERKELEY,Berkeley,IL,,41.888919,-87.911169,,,,,,,
SOUTH CHARLESTON,South Charleston,WV,,38.368147,-81.698462,,,,,,,
SAN LUIS POTOSI,San Luis Potosí,SL,,22.156469,-100.98554,,,,,,,
ALBUQUERQUE,Albuquerque,NM,,35.084385,-106.650421,,,,,,,
LONG ISLAND CITY,Long Island City,NY,,40.744679,-73.948542,,,,,,,
SIOUX FALLS,Sioux Falls,SD,,43.544596,-96.731103,,,,,,,
ROANOKE,Roanoke,VA,,37.27097,-79.941427,,,,,,,
TAYLOR,Taylor,PA,,41.39203,-75.73158,,,,,,,
CHATTANOOGA,Chattanooga,TN,,35.04563,-85.30968,,,,,,,
EDWARDSVILLE,Edwardsville,IL,,38.811436,-89.953157,,,,,,,
MIAMI,Miami,FL,,25.76168,-80.19179,,,,,,,
CINCINNATI,Cincinnati,OH,,39.103118,-84.51202,,,,,,,
MOBILE,Mobile,AL,,30.695366,-88.039891,,,,,,,
ALEXANDRIA,Alexandria,VA,,38.804836,-77.046921,,,,,,,
GREENCASTLE,Greencastle,PA,,39.790926,-77.72777,,,,,,,
BINGHAMTON,Binghamton,NY,,42.098686,-75.917974,,,,,,,
CHATTANOOGA,Chattanooga,TN,,35.04563,-85.30968,,,,,,,
BUFFALO,Buffalo,NY,,42.886447,-78.878369,,,,,,,
COLUMBUS,Columbus,OH,,39.961176,-82.998794,,,,,,,
CRAFTON,Crafton,PA,,40.434791,-80.066724,,,,,,,
EUCLID,Euclid,OH,,41.593104,-81.526787,,,,,,,
LOUISVILLE,Louisville,KY,,38.252665,-85.758456,,,,,,,
SANDUSKY,Sandusky,OH,,41.44894,-82.70796,,,,,,,
WILLIS,Willis,MI,,42.1506,-83.6016,,,,,,,
GOLDSBORO,Goldsboro,NC,,35.384884,-77.992765,,,,,,,
EDGEMOOR,Edgemoor,DE,,39.758168,-75.49908,,,,,,,
CHICAGO,Chicago,IL,,41.878113,-87.629799,,,,,,,
DORAVILLE,Doraville,GA,,33.89816,-84.28381,,,,,,,
EAST POINT,East Point,GA,,33.679554,-84.439373,,,,,,,
ELKHART,Elkhart,IN,,41.681993,-85.976667,,,,,,,
STREATOR,Streator,IL,,41.120033,-88.835629,,,,,,,
FORT WAYNE,Fort Wayne,IN,,41.079273,-85.139351,,,,,,,
MAIDSVILLE,Maidsville,WV,,39.70008,-79.97034,,,,,,,
MERIDIAN,Meridian,MS,,32.364309,-88.703656,,,,,,,
ELIZABETH,Elizabeth,NJ,,40.663991,-74.210701,,,,,,,
AUGUSTA,Augusta,GA,,33.473498,-82.010515,,,,,,,
BALTIMORE,Baltimore,MD,,39.290385,-76.612189,,,,,,,
CHESAPEAKE,Chesapeake,VA,,36.768209,-76.287493,,,,,,,
COLUMBIA,Columbia,SC,,34.00071,-81.034814,,,,,,,
DALTON,Dalton,GA,,34.769802,-84.970222,,,,,,,
JACKSONVILLE,Jacksonville,FL,,30.332184,-81.655651,,,,,,,
KNOXVILLE,Knoxville,TN,,35.960638,-83.920739,,,,,,,
PETERSBURG,Petersburg,VA,,37.227927,-77.401928,,,,,,,
POTTSTOWN,Pottstown,PA,,40.245376,-75.649632,,,,,,,
SOMERSET,Somerset,KY,,37.092024,-84.604108,,,,,,,
CHARLOTTE,Charlotte,NC,,35.227087,-80.843127,,,,,,,
SPARTANBURG,Spartanburg,SC,,34.949567,-81.932048,,,,,,,
CHICAGO,Chicago,IL,,41.878113,-87.629799,,,,,,,
CLARE,Clare,MI,,43.81975,-84.76836,,,,,,,
GRAND RAPIDS,Grand Rapids,MI,,42.96336,-85.66809,,,,,,,
EL RENO,El Reno,OK,,35.5323,-97.955,,,,,,,
NORTH CHARLESTON,North Charleston,SC,,32.85462,-79.97481,,,,,,,
SEABROOK,Seabrook,TX,,29.56301,-95.02549,,,,,,,
COUNCIL BLUFFS,Council Bluffs,IA,,41.261944,-95.860833,,,,,,,
OMAHA,Omaha,NE,,41.256537,-95.934503,,,,,,,
BIG LAKE,Big Lake,TX,,31.191,-101.46,,,,,,,
FT COLLINS,Fort Collins,CO,,40.58526,-105.08442,,,,,,,
ALBANY,Albany,GA,,31.57851,-84.15574,,,,,,,
ATLANTA,Atlanta,GA,,33.749,-84.38798,,,,,,,
BAINVILLE,Bainville,MT,,48.13835,-104.22356,,,,,,,
BORGER,Borger,TX,,35.66782,-101.39794,,,,,,,
BROWNSVILLE,Brownsville,TX,,25.90175,-97.49748,,,,,,,
COTULLA,Cotulla,TX,,28.43694,-99.23532,,,,,,,
GADSDEN,Gadsden,AL,,34.01434,-86.00639,,,,,,,
GREELEY,Greeley,CO,,40.42331,-104.70913,,,,,,,
KELIM,Kelim,CO,,40.39748,-105.07598,,,,,,,
LACKAWANNA,Lackawanna,NY,,42.82589,-78.82364,,,,,,,
LOVELAND,Loveland,CO,,40.39776,-105.07498,,,,,,,
SAND SPRINGS,Sand Springs,OK,,36.13981,-96.10889,,,,,,,
STOCKTON,Stockton,CA,,37.9577,-121.29078,,,,,,,
TULSA,Tulsa,OK,,36.15398,-95.99277,,,,,,,
WINDSOR,Windsor,CO,,40.47753,-104.90136,,,,,,,
MILWAUKEE,Milwaukee,OR,,45.44623,-122.63926,,,,,,,
PORTLAND,Portland,OR,,45.51523,-122.67839,,,,,,,
OROVILLE,Oroville,WA,,48.94126,-119.4367,,,,,,,
CARSON,Carson,CA,,33.83141,-118.28202,,,,,,,
OAKLAND,Oakland,CA,,37.80436,-122.27111,,,,,,,
SEATTLE,Seattle,WA,,47.60621,-122.33207,,,,,,,
TACOMA,Tacoma,WA,,47.25288,-122.44429,,,,,,,
SEATTLE,Seattle,WA,,47.60621,-122.33207,,,,,,,
ALLAN MINES,Allan Mines,SK,,50.44521,-104.6189,, ,,,,,
DAVISDON,Davidson,SK,,51.26348,-105.9897,,,,,,,
STURGEON COUNTY,Sturgeon County,AB,,53.7,-113.5,,,,,,,
EOLA,Eola,IL,,41.77114,-88.21229,,,,,,,
NORTH PORTLAND,North Portland,OR,,45.6,-122.7,,,,,,,
KENNEDYVILLE,Kennedyville,MD,,39.31261,-75.98605,,, ,,,,
CORNELIA,Cornelia,GA,,34.51149,-83.52905,,,,,,,
WINTER HAVEN,Winter Haven,FL,,28.02224,-81.73286,,,,,,,
ANAHEIM,Anaheim,CA,,33.83659,-117.9143,,,,,,,
CHICAGO,Chicago,IL,,41.878113,-87.629799,,,,,,,
CITY OF INDUSTRY,City of Industry,CA,,34.01939,-117.95334,,,,,,,
COMMERCE,Commerce,CA,,34.00057,-118.15979,,,,,,,
FULLERTON,Fullerton,CA,,33.87036,-117.9243,,,,,,,
GUILDERLAND CENTER,Guilderland Center,NY,,42.70424,-73.97096,,,,,,,
KENT,Kent,WA,,47.38093,-122.23484,,,,,,,
KINGMAN,Kingman,AZ,,35.18944,-114.05301,,,,,,,
MINNEAPOLIS,Minneapolis,MN,,44.97775,-93.26501,,,,,,,
NATIONAL CITY,National City,CA,,32.67811,-117.0992,,,,,,,
PASADENA,Pasadena,TX,,29.69106,-95.2091,,,,,,,
PICO RIVERA,Pico Rivera,CA,,33.98307,-118.09673,,,,,,,
POOLER,Pooler,GA,,32.11548,-81.24705,,,,,,,
PORTLAND,Portland,OR,,45.51523,-122.67839,,,,,,,
RANCHO CUCAMONGA,Rancho Cucamonga,CA,,34.1064,-117.59311,,,,,,,
SALEM,Salem,OR,,44.9429,-123.0351,,,,,,,
SAN BERNARDINO,San Bernardino,CA,,34.10834,-117.28977,,,,,,,
SAN DIEGO,San Diego,CA,,32.71574,-117.16109,,,,,,,
SAND SPRINGS,Sand Springs,OK,,36.13981,-96.10889,,,,,,,
SOUTH ANAHEIM,South Anaheim,CA,,33.81784,-117.92284,,,,,,,
ST PAUL,St. Paul,MN,,44.9537,-93.08996,,,,,,,
STOCKTON,Stockton,CA,,37.9577,-121.29078,,,,, ,,
TACOMA,Tacoma,WA,,47.25288,-122.44429,,,,,,,
TULSA,Tulsa,OK,,36.15398,-95.99277,,,,,,,
VANCOUVER,Vancouver,WA,,45.63036,-122.66149,, ,,,,,
VIDAL,Vidal,CA,,34.10835,-114.52551,,,,,,,
WOLCOTT,Wolcott,IN,,40.75948,-87.04251,,,,,,,
SILVER BOW,Silver Bow,MT,,45.91469,-112.6, , ,,,,,
OGDENSBURG,Ogdensburg,NY,,44.6948,-75.48024,,,, ,,,
TUCSON,Tucson,AZ,,32.22261,-110.97471,,,, ,,,
FOLLANSBEE,Follansbee,WV,,40.33452,-80.58841,,,,,,,
EL RENO,El Reno,OK,,35.53227,-97.95505,,,,,,,
ELMENDORF,Elmendorf,TX,,29.25607,-98.33112,,,,,,,
JACKSON,Jackson,MS,,32.29876,-90.18481,,,,,,,
JEFFERSONVILLE,Jeffersonville,IN,,38.27757,-85.73718,,,,,,,
LOVING,Loving,NM,,32.28538,-104.09633,,,,,,,
PEARL,Pearl,MS,,32.27459,-90.13231,,,,,,,
SAN ANTONIO,San Antonio,TX,,29.42412,-98.49363,,,,,,,
PRINEVILLE,Prineville,OR,,44.29984,-120.83447,,,,,,,
DETROIT,Detroit,MI,,42.33143,-83.04575,,,,,,,
BAKERSFIELD,Bakersfield,CA,,35.37329,-119.01871,,,,,,,
APPLETON,Appleton,WI,,44.26193,-88.41538,,,,,,,
EAST ST LOUIS,East St. Louis,IL,,38.6245,-90.15084,,,,,,,
KENT,Kent,WA,,47.38093,-122.23484,,,,,,,
MEMPHIS,Memphis,TN,,35.14953,-90.04898,,,,,,,
PASADENA,Pasadena,TX,,29.69106,-95.2091,,,,,,,
ROANOKE,Roanoke,VA,,37.27097,-79.94143,,,,,,,
SAGINAW,Saginaw,TX,,32.86096,-97.36335,,,,,,,
WATERTOWN,Watertown,WI,,43.19472,-88.72427,,,,,,,
SIOUX FALLS,Sioux Falls,SD,,43.54997,-96.70033,,,,,,,
GOLDEN,Golden,CO,,39.75554,-105.2211,,,,,,,
Hempstead,Hempstead,TX,,30.09771,-96.08163,,,,,,,
Taylor,Taylor,TX,,30.57076,-97.40944,,,,,,,
WILLISTON,Williston,ND,,48.14697,-103.61797,,,,,,,
GRAND FORKS,Grand Forks,ND,,47.92526,-97.03285,,,,,,,
RIVERSIDE,Riverside,VT,,44.482857,-73.213242,,,,,,,
MT HOPE,Mount Hope,WV,,37.8951,-81.16871,,,,,,,
WHITEVILLE,Whiteville,NC,,34.3388,-78.7039,,,,,,,
COOKEVILLE,Cookeville,TN,,36.162838,-85.50164,,,,,,,
OLD HICKORY,Old Hickory,TN,,36.2562,-86.6475,,,,,,,
BUCKLAND,Buckland,OH,,40.6231,-84.2605,,,,,,,
CELINA,Celina,OH,,40.5481,-84.5708,,,,,,,
GADSDEN,Gadsden,AL,,34.0143,-86.0066,,,,,,,
GLASGOW,Glasgow,VA,,37.6337,-79.4531,,,,,,,
STARKE,Starke,FL,,29.944,-82.109,,,,,,,
LEXINGTON,Lexington,KY,,38.0406,-84.5037,,,,,,,
ALLENTOWN,Allentown,PA,,40.6084,-75.4902,,,,,,,
CLARKSVILLE,Clarksville,TN,,36.5298,-87.3595,,,,,,,
CONWAY,Conway,SC,,33.836,-79.0478,,,,,,,
DIBOLL,Diboll,TX,,31.1877,-94.7816,,,,,,,
DOVER,Dover,OH,,40.5209,-81.474,,,,,,,
LEBANON,Lebanon,TN,,36.2081,-86.2911,,,,,,,
WOODBURN,Woodburn,KY,,36.8417,-86.5308,,,,,,,
EL RENO,El Reno,OK,,35.5323,-97.9557,,,,,,,
POCASSET,Pocasset,OK,,35.1945,-97.9517,,,,,,,
ROCK ISLAND,Rock Island,IL,,41.5095,-90.5787,,,,,,,
BRIGHTON,Brighton,CO,,39.9853,-104.8205,,,,,,,
COMMERCE CITY,Commerce City,CO,,39.8083,-104.9339,,,,,,,
DENVER,Denver,CO,,39.7392,-104.9903,,,,,,,
LUCERNE,Lucerne,CO,,40.5,-104.7,,,,,,,
WINDSOR,Windsor,CO,,40.4775,-104.9014,,,,,,,
BUFFALO,Buffalo,NY,,42.8864,-78.8784,,,,,,,
FORT LAUDERDALE,Fort Lauderdale,FL,,26.1224,-80.1373,,,,,,,
GEORGETOWN,Georgetown,SC,,33.3768,-79.2945,,,,,,,
GRAND RAPIDS,Grand Rapids,MI,,42.9634,-85.6681,,,,,,,
MADISON,Madison,IN,,38.7359,-85.3799,,,,,,,
MASSILLON,Massillon,OH,,40.7967,-81.5215,,,,,,,
MEMPHIS,Memphis,TN,,35.1495,-90.049,,,,,,,
LEOMINSTER,Leominster,MA,,42.5251,-71.7598,,,,,,,
WORCESTER,Worcester,MA,,42.2626,-71.8023,,,,,,,
SAGINAW,Saginaw,MI,,43.4195,-83.9508,,,,,,,
AUBURN,Auburn,ME,,44.0979,-70.2312,,,,,,,
BIG SPRING,Big Spring,TX,,32.2504,-101.4787,,,,,,,
BIRMINGHAM,Birmingham,AL,,33.5186,-86.8104,,,,,,,
COLORADO SPRINGS,Colorado Springs,CO,,38.8339,-104.8214,,,,,,,
DAVENPORT,Davenport,IA,,41.5236,-90.5776,,,,,,,
EL DORADO,El Dorado,KS,,37.8179,-96.862,,,,,,,
ELKO,Elko,NV,,40.8324,-115.7631,,,,,,,
GALVESTON,Galveston,TX,,29.3013,-94.7977,,,,,,,
HAMMOND,Hammond,IN,,41.5834,-87.5,,,,,,,
HENDERSON,Henderson,CO,,39.9219,-104.8708,,,,,,,
LAKE CITY,Lake City,FL,,30.1897,-82.6393,,,,,,,
LORDSTOWN,Lordstown,OH,,41.1667,-80.8573,,,,,,,
MELVINDALE,Melvindale,MI,,42.2825,-83.1752,,,,,,,
MIDVALE,Midvale,UT,,40.6111,-111.8999,,,,,,,
MOUNT PLEASANT,Mount Pleasant,PA,,40.1498,-79.5381,,,,,,,
PHILADELPHIA,Philadelphia,PA,,39.9526,-75.1652,,,,,,,
PRICE,Price,UT,,39.5994,-110.8107,,,,,,,
RIFLE,Rifle,CO,,39.5347,-107.7831,,,,,,,
ROCHESTER,Rochester,NY,,43.1566,-77.6088,,,,,,,
SANTA FE SPINGS,Santa Fe Springs,CA,,33.9472,-118.0853,,,,,,,
SAYRE,Sayre,PA,,41.9787,-76.5155,,,,,,,
TOOELE,Tooele,UT,,40.5308,-112.2983,,,,,,,
TRENTON,Trenton,ND,,48.0153,-103.7749,,,,,,,
VENICE,Venice,IL,,38.6728,-90.1687,,,,,,,
WESTLAKE,Westlake,LA,,30.2427,-93.2504,,,,,,,
ZANESVILLE,Zanesville,OH,,39.9403,-82.0132,,,,,,,
SAN DIEGO,San Diego,CA,,32.7157,-117.1611,,,,,,,
ODGDENSBURG,Ogdensburg,NY,,44.6948,-75.4863,,,,,,,
SCOTT CITY,Scott City,MO,,37.2159,-89.5223,,,,,,,
WINONA,Winona,MN,,44.0554,-91.6664,,,,,,,
SEVILLE,Seville,FL,,29.3261,-81.5073,,,,,,,
MARICOPA,Maricopa,CA,,35.0583,-119.4004,,,,,,,
BURLINGTON,Burlington,VT,,44.4759,-73.2121,,,,,,,
HUDSON FALLS,Hudson Falls,NY,,43.3009,-73.5837,,,,,,,
LOGAN TOWNSHIP,Logan Township,NJ,,39.7946,-75.3535,,,,,,,
PLATTSBURGH,Plattsburgh,NY,,44.6995,-73.4529,,,,,,,
SPRINGFIELD,Springfield,MO,,37.208957,-93.292299, ,,,,,,
ANTHONY,Anthony,TX,,31.9945,-106.5925,,,,,,,
VADO,Vado,NM,,32.1237,-106.6647,,,,,,,
HAMTRAMICK,Hamtramck,MI,,42.3928,-83.0496,,,,,,,
HOUSTON,Houston,TX,,29.7604,-95.3698,,,,,,,
MINNEAPOLIS,Minneapolis,MN,,44.9778,-93.265,,,,,,,
NORTH LAS VEGAS,North Las Vegas,NV,,36.1989,-115.1175,,,,,,,
SAN LUIS POTOSI,San Luis Potosí,SL,,22.1566,-100.9855,,,,,,,
ABERDEEN,Aberdeen,NC,,35.1315,-79.4295,,,,,,,
ARLINGTON,Arlington,TX,,32.7357,-97.1081,,,,,,,
BENSON,Benson,AZ,,31.967,-110.2945,,,,,,,
BRIDGEVIEW,Bridgeview,IL,,41.75,-87.8042,,,,,,,
CHICAGO,Chicago,IL,,41.8781,-87.6298,,,,,,,
CRAFTON,Crafton,PA,,40.4342,-80.0664,,,,,,,
HOLYOKE,Holyoke,MA,,42.2043,-72.6162,,,,,,,
LAKELAND,Lakeland,FL,,28.0395,-81.9498,,,,,,,
MARION,Marion,VA,,36.834,-81.514,,,,,,,
MC ADENVILLE,McAdenville,NC,,35.2568,-81.0798,,,,,,,
MEMPHIS,Memphis,TN,,35.1495,-90.049,,,,,,,
ORLANDO,Orlando,FL,,28.5383,-81.3792,,,,,,,
PARKER,Parker,AZ,,34.15,-114.289,,,,,,,
REDMOND,Redmond,OR,,44.2726,-121.1739,,,,,,,
SARALAND,Saraland,AL,,30.8207,-88.0703,,,,,,,
SPARTA,Sparta,NJ,,41.0334,-74.6382,,,,,,,
STOCKTON,Stockton,CA,,37.9577,-121.2908,,,,,,,
NORTH BERGEN,North Bergen,NJ,,40.8043,-74.0121,,,,,,,
SPARTA,Sparta,NJ,,41.0334,-74.6382,,,,,,,
BERWYN,Berwyn,IL,,41.8506,-87.7937,,,,,,,
TACOMA,Tacoma,WA,,47.2529,-122.4443,,,,,,,
SUDBURY,Sudbury,ON,,46.49,-81.01,,,,,,,
CIUDAD DE MEXICO,Ciudad de México,DF,,19.4326,-99.1332,,,,,,,
LAZARO CARDENAS,Lázaro Cárdenas,MH,,17.9587,-102.1945,,,,,,,
HOUSTON,Houston,TX,,29.7604,-95.3698,,,,,,,
SALT LAKE CITY,Salt Lake City,UT,,40.7608,-111.891,,,,,,,
BIG LAKE,Big Lake,TX,,31.191,-101.4604,,,,,,,
FAYETTEVILLE,Fayetteville,NC,,35.0527,-78.8784,,,,,,,
SAN ANGELO,San Angelo,TX,,31.4638,-100.437,,,,,,,
STEUBENVILLE,Steubenville,OH,,40.3698,-80.6334,,,,,,,
UPTON,Upton,WY,,44.0997,-104.6286,,,,,,,
CARLSBAD,Carlsbad,NM,,32.4207,-104.2288,,,,,,,
FT STOCKTON,Ft Stockton,TX,,30.8941,-102.884,,,,,,,
LEVELLAND,Levelland,TX,,33.5873,-102.3771,,,,,,,
LUBBOCK,Lubbock,TX,,33.5779,-101.8552,,,,,,,
MCCAMEY,McCamey,TX,,31.1343,-102.2223,,,,,,,
NORTH BRANCH,North Branch,MN,,45.5111,-92.9807,,,,,,,
SULPHUR JCT,Sulphur Jct,TX,,32.7639,-95.6593,,,,,,,
SOUTH GATE,South Gate,CA,,33.9547,-118.212,,,,,,,
HOUSTON,Houston,TX,,29.7604,-95.3698,,,,,,,
SPARROWS PT,Sparrows Pt,MD,,39.2259,-76.4502,,,,,,,
MEMPHIS,Memphis,TN,,35.1495,-90.049,,,,,,,
TAMPA,Tampa,FL,,27.9506,-82.4572,,,,,,,
BUTLER,Butler,PA,,40.8612,-79.8953,,,,,,,
CINCINNATI,Cincinnati,OH,,39.1031,-84.512,,,,,,,
CLEVELAND,Cleveland,OH,,41.4993,-81.6944,,,,,,,
COLUMBUS,Columbus,OH,,39.9612,-82.9988,,,,,,,
DETROIT,Detroit,MI,,42.3314,-83.0458,,,,,,,
EAST CHICAGO,East Chicago,IN,,41.6398,-87.4548,,,,,,,
GRAND RAPIDS,Grand Rapids,MI,,42.9634,-85.6681,,,,,,,
INDIANAPOLIS,Indianapolis,IN,,39.7684,-86.1581,,,,,,,
PITTSBURGH,Pittsburgh,PA,,40.4406,-79.9959,,,,,,,
ALBANY,Albany,NY,,42.6526,-73.7562,,,,,,,
ATLANTA,Atlanta,GA,,33.749,-84.388,,,,,,,
BALTIMORE,Baltimore,MD,,39.2904,-76.6122,,,,,,,
BEAUHARNOIS,Beauharnois,PQ,,45.3126,-73.8722,,,,,,,
BUFFALO,Buffalo,NY,,42.8864,-78.8784,,,,,,,
CHARLOTTE (WEST),Charlotte (West),NC,,35.2271,-80.8431,,,,,,,
CHATTANOOGA,Chattanooga,TN,,35.0456,-85.3097,,,,,,,
CHESTER,Chester,PA,,39.8496,-75.3557,,,,,,,
DALTON,Dalton,GA,,34.7698,-84.9702,,,,,,,
EAST SYRACUSE,East Syracuse,NY,,43.064,-76.0708,,,,,,,
ELIZABETH,Elizabeth,NJ,,40.6639,-74.2107,,,,,,,
KNOXVILLE,Knoxville,TN,,35.9606,-83.9207,,,,,,,
LOUISVILLE,Louisville,KY,,38.2527,-85.7585,,,,,,,
NASHVILLE,Nashville,TN,,36.1627,-86.7816,,,,,,,
NORTH HAVEN,North Haven,CT,,41.3901,-72.8598,,,,,,,
PHILADELPHIA,Philadelphia,PA,,39.9526,-75.1652,,,,,,,
RALEIGH,Raleigh,NC,,35.7796,-78.6382,,,,,,,
RICHMOND,Richmond,VA,,37.5407,-77.436,,,,,,,
WESTBOROUGH,Westborough,MA,,42.2695,-71.616,,,,,,,
WILMINGTON,Wilmington,DE,,39.7391,-75.5398,,,,,,,
AUGUSTA,Augusta,GA,,33.4735,-82.0105,,,,,,,
BIRMINGHAM,Birmingham,AL,,33.5186,-86.8104,,,,,,,
CHARLESTON,Charleston,SC,,32.7765,-79.9311,,,,,,,
FORT LAUDERDALE,Fort Lauderdale,FL,,26.1224,-80.1373,,,,,,,
GREENVILLE,Greenville,SC,,34.8526,-82.394,,,,,,,
JACKSONVILLE,Jacksonville,FL,,30.3322,-81.6557,,,,,,,
MONTGOMERY,Montgomery,AL,,32.3668,-86.3,,,,,,,
NEW ORLEANS,New Orleans,LA,,29.9511,-90.0715,,,,,,,
SANFORD,Sanford,FL,,28.8029,-81.2695,,,,,,,
TAMPA,Tampa,FL,,27.9506,-82.4572,,,,,,,
STOCKTON,Stockton,CA,,37.9577,-121.2908,,,,,,,
SAINT-HYACINTHE,Saint-Hyacinthe,PQ,,45.6306,-72.9577,,,,,,,
VAL-JOLI,Val-Joli,PQ,,45.6223,-71.9889,,,,,,,
BISHOP,Bishop,TX,,27.5831,-97.7981,,,,,,,
ENID,Enid,OK,,36.3956,-97.8784,,,,,,,
GARDEN CITY,Garden City,KS,,37.9717,-100.8727,,,,,,,
GRAND FORKS,Grand Forks,ND,,47.9253,-97.0329,,,,,,,
WELLSBORO,Wellsboro,PA,,41.7487,-77.3,,,,,,,
FAIRBURN,Fairburn,GA,,33.5671,-84.5816,,,,,,,
MEMPHIS,Memphis,TN,,35.1495,-90.049,,,,,,,
TACOMA,Tacoma,WA,,47.2529,-122.4443,,,,,,,
FONTANA,Fontana,CA,,34.0922,-117.435,,,,,,,
VANCOUVER,Vancouver,WA,,45.631,-122.6716,,,,,,,
EL PASO,El Paso,TX,,31.7619,-106.485,,,,,,,
LUBBOCK,Lubbock,TX,,33.5779,-101.8552,,,,,,,
SALT LAKE CITY,Salt Lake City,UT,,40.7608,-111.891,,,,,,,
TACOMA,Tacoma,WA,,47.2529,-122.4443,,,,,,,
BAKERSFIELD,Bakersfield,CA,,35.3733,-119.0187,,,,,,,
BISMARCK,Bismarck,ND,,46.8083,-100.7837,,,,,,,
HOBBS,Hobbs,NM,,32.7026,-103.136,,,,,,,
RIFLE,Rifle,CO,,39.5347,-107.7834,,,,,,,
GLENCOE,Glencoe,MN,,44.7702,-94.151,,,,,,,
EDMONTON,Edmonton,AB,,53.5461,-113.4938,,,,,,,
STURGEON COUNTY,Sturgeon County,AB,,53.8182,-113.6147,,,,,,,
WINNIPEG,Winnipeg,MB,,49.8951,-97.1384,,,,,,,
VAN WERT,Van Wert,OH,,40.8692,-84.5802,,,,,,,
FOWLER,Fowler,CA,,36.6308,-119.6788,,,,,,,
LATHROP,Lathrop,CA,,37.8225,-121.2761,,,,,,,
SELMA,Selma,CA,,36.5708,-119.6126,,,,,,,
BETHLEHEM,Bethlehem,PA,,40.625932,-75.370458,,,,,,,
SOUTH PLAINFIELD,South Plainfield,NJ,,40.579276,-74.41154,,,,,,,
COMMERCE,Commerce,CA,,34.00057,-118.159792,,,,,,,
EL CENTRO,El Centro,CA,,32.792,-115.563051,,,,,,,
LONG BEACH,Long Beach,CA,,33.77005,-118.193739,,,,,,,
PHOENIX,Phoenix,AZ,,33.448377,-112.074037,,,,,,,
WILMINGTON,Wilmington,CA,,33.785794,-118.263015,,,,,,,
SHELBURNE,Shelburne,VT,,44.378993,-73.228706,,,,,,,
WALLOOMSAC,Walloomsac,NY,,42.93869,-73.333719,,,,,,,
PORTLAND,Portland,OR,,45.515232,-122.678385,,,,,,,
AMORY,Amory,MS,,33.984003,-88.488646,,,,,,,
AVONDALE,Avondale,PA,,39.823168,-75.78216,,,,,,,
BLYTHESVILLE,Blytheville,AR,,35.927295,-89.918976,,,,,,,
BURLEY,Burley,ID,,42.535742,-113.792497,,,,,,,
CATOOSA,Catoosa,OK,,36.18843,-95.74581,,,,,,,
CHICAGO,Chicago,IL,,41.878113,-87.629799,,,,,,,
CHICAGO HEIGHTS,Chicago Heights,IL,,41.506146,-87.6356,,,,,,,
CINCINNATI,Cincinnati,OH,,39.103118,-84.51202,,,,,,,
CINCINNATI,Cincinnati,OH,,39.103118,-84.51202,,,,,,,
COUNCIL BLUFFS,Council Bluffs,IA,,41.261944,-95.860833,,,,,,,
DALLAS,Dallas,TX,,32.776664,-96.796988,,,,,,,
DECATUR,Decatur,AL,,34.605925,-86.983341,,,,,,,
DORE,Dore,ND,,47.57,-104.05,,,,,,,
FAIRVIEW,Fairview,MT,,47.8528,-104.0477,,,,,,,
GALENA PARK,Galena Park,TX,,29.73356,-95.23382,,,,,,,
GLENDALE,Glendale,AZ,,33.538652,-112.185986,,,,,,,
HOUSTON,Houston,TX,,29.760427,-95.369803,,,,,,,
HOUSTON,Houston,TX,,29.760427,-95.369803,,,,,,,
JEFFERSONVILLE,Jeffersonville,IN,,38.27757,-85.737184,,,,,,,
MADISON,Madison,WI,,43.073052,-89.40123,,,,,,,
MIDDLEPORT,Middleport,OH,,38.99813,-82.05014,,,,,,,
MULGA,Mulga,AL,,33.55594,-87.0125,,,,,,,
NITRO,Nitro,WV,,38.41453,-81.8318,,,,,,,
OKLAHOMA CITY,Oklahoma City,OK,,35.46756,-97.516428,,,,,,,
OMAHA,Omaha,NE,,41.256537,-95.934503,,,,,,,
OSHKOSH,Oshkosh,WI,,44.024706,-88.542614,,,,,,,
OSHKOSH,Oshkosh,WI,,44.024706,-88.542614,,,,,,,
PECOS,Pecos,TX,,31.42291,-103.49322,,,,,,,
PECOS,Pecos,TX,,31.42291,-103.49322,,,,,,,
PHOENIX,Phoenix,AZ,,33.448377,-112.074037,,,,,,,
PINE BLUFF,Pine Bluff,AR,,34.228431,-92.003195,,,,,,,
PITTSBURG,Pittsburg,KS,,37.410884,-94.704962,, ,,,,,
ROCKFORD,Rockford,IL,,42.271131,-89.093995,,,,,,,
SAN LUIS POTOSI,San Luis Potosí,SL,,22.156469,-100.98554,,,,,,,
SAUGET,Sauget,IL,,38.590048,-90.175112,,,,,,,
ST LOUIS,St. Louis,MO,,38.627003,-90.199404,,,,,,,
ST LOUIS,St. Louis,MO,,38.627003,-90.199404,,,,,,,
ST LOUIS,St. Louis,MO,,38.627003,-90.199404,,,,,,,
STOCKTON,Stockton,CA,,37.957702,-121.29078,,,,,,,
STROUD,Stroud,OK,,35.748956,-96.658624,,,,,,,
STROUD,Stroud,OK,,35.748956,-96.658624,,,,,,,
TRIUMPH,Triumph,IL,,41.486145,-89.05202,,,,,,,
WATERLOO,Waterloo,IA,,42.492786,-92.342577,,,,,,,
MALVERN,Malvern,AR,,34.366112,-92.816963,,,,,,,
MONTICELLO,Monticello,AR,,33.628178,-91.790996,,,,,,,
NORTH LITTLE ROCK,North Little Rock,AR,,34.769321,-92.267174,,,,,,,
PARIS,Paris,TX,,33.660938,-95.555512,,,,,,,
SAN DIEGO,San Diego,CA,,32.715736,-117.161087,,,,,,,
TENARK,Tenark,AR,,33.24012,-91.36483,,,,,,,
NEW WESTMINSTER,New Westminster,BC,,49.206944,-122.91111,,,,,,,
SURREY,Surrey,BC,,49.104431,-122.801094,,,,,,,
CLACKAMAS,Clackamas,OR,,45.40721,-122.57078,,,,,,,
YORK,York,PA,,39.962303,-76.727692,,,,,,,
, ,, , ,,,,,,,,
, ,, , ,,,,,,,,
, ,, , ,,,,,,,,