name,existing_name,existing_city,operator,address,city,state,lat,lon,geocode_precision,port,railroads,commodities,capabilities,website,phone,source_url,tier,web_verified,note
Alabama Steel Terminals,,Mobile,Alabama Steel Terminals,,Mobile,AL,30.6954,-88.0399,port,"Mobile, Al",TASD; CSX; NS; CN; CPKC; BNSF,Steel,breakbulk; vessel-rail transload; warehousing,https://alabamasteelterminals.us/,251-650-4468,https://alabamasteelterminals.us/,verified,2026-09-27,"Steel coil terminal at Pier D2, Alabama State Docks; rail, barge and truck"
Pinto Island Steel Terminal (Alabama Port Authority),,Mobile,Alabama Port Authority,,Mobile,AL,30.6954,-88.0399,port,"Mobile, Al",TASD; CSX; NS; CN; CPKC; BNSF,Steel,breakbulk; vessel-rail transload,https://alports.com/facilities/steel/,,https://alports.com/facilities/steel/,verified,2026-09-27,Slab terminal on Pinto Island; rail to Calvert mills
Alabama Port Authority — Port of Mobile General Cargo Warehouses,Alabama Port Authority — Port of Mobile General Cargo Warehouses,Mobile,Alabama Port Authority,,Mobile,AL,30.6954,-88.0399,port,"Mobile, Al",TASD; CSX; NS; CN; CPKC; BNSF,Forest Products; Steel,breakbulk; vessel-rail transload; warehousing,https://alports.com/,,https://alports.com/facilities/,verified,2026-09-27,
Coastal Cargo Company — Louisiana Avenue Complex,Coastal Cargo,New Orleans,Coastal Cargo Company,3500 Terminal Dr,New Orleans,LA,29.9511,-90.0715,port,"New Orleans, La",NOPB; CN; CPKC; UP; BNSF; NS; CSX,Steel,breakbulk; vessel-rail transload; warehousing,https://www.coastalcargogroup.com/ccla/,,https://www.coastalcargogroup.com/ccla/,verified,2026-09-27,Metals and steel breakbulk stevedore; coil to barge and rail
Ports America New Orleans — Napoleon / Nashville / Louisiana Avenue Wharves,,New Orleans,Ports America,,New Orleans,LA,29.9511,-90.0715,port,"New Orleans, La",NOPB; CN; CPKC; UP; BNSF; NS; CSX,Steel,breakbulk; vessel-rail transload,https://www.portsamerica.com/,,https://railnola.com/business/industries,verified,2026-09-27,Breakbulk including steel at the uptown wharves
QSL New Orleans,QSL New Orleans,New Orleans,QSL America,24 Clarence Henry Truckway,New Orleans,LA,29.9511,-90.0715,port,"New Orleans, La",NOPB; CN; CPKC; UP; BNSF; NS; CSX,Steel,breakbulk; dry bulk; vessel-rail transload,https://qsl.com/our-network/new-orleans-first-street/,,https://railnola.com/business/industries,verified,2026-09-27,Breakbulk and bulk at the First / Harmony / Seventh Street wharves
Associated Terminals New Orleans Bulk Terminal,Associated Terminals New Orleans Bulk Terminal,New Orleans,Associated Terminals,14900 Intracoastal Dr,New Orleans,LA,30.025656,-89.901199,address,"New Orleans, La",NOPB; CN; CPKC; UP; BNSF; NS; CSX,,dry bulk; vessel-rail transload,https://www.associatedterminals.com/locations/new-orleans-bulk-terminal/,504-613-6419,https://www.associatedterminals.com/locations/,verified,2026-09-27,Bulk rail-to-barge and barge-to-truck
Associated Terminals — St. Bernard Port,"Associated Terminals, LLC.",Arabi,Associated Terminals,,Arabi,LA,29.9511,-90.0715,port,"New Orleans, La",NOPB; CN; CPKC; UP; BNSF; NS; CSX,,dry bulk; breakbulk; vessel-rail transload,https://www.associatedterminals.com/locations/,504-277-5101,https://www.associatedterminals.com/locations/,verified,2026-09-27,
Kinder Morgan Harvey Terminal,Kinder Morgan Harvey Terminal,Harvey,Kinder Morgan,3540 River Rd,Harvey,LA,29.910378,-90.086551,address,"New Orleans, La",NOPB; CN; CPKC; UP; BNSF; NS; CSX,Fertilizer; Chemicals (Dry); Chemicals (Liq),dry bulk; liquid bulk; vessel-rail transload,https://www.kindermorgan.com/Operations/Terminals/Index,,https://www.kindermorgan.com/Operations/Terminals/Index,verified,2026-09-27,Lower Mississippi bulk and liquid fertilizer terminaling
Access World New Orleans,Access World Usa LLC,New Orleans,Access World (Glencore),5200 Coffee Dr,New Orleans,LA,29.9511,-90.0715,port,"New Orleans, La",NOPB; CN; CPKC; UP; BNSF; NS; CSX,Aluminum,warehousing; breakbulk; vessel-rail transload,https://www.accessworld.com/locations/north-america/,,https://www.accessworld.com/services/commodity-exchange-warehousing/,verified,2026-09-27,LME/CME exchange warehousing for aluminum
Port of New Orleans — Breakbulk Terminals & Transit Sheds,Port of New Orleans — Breakbulk Terminals & Transit Sheds,New Orleans,Port of New Orleans,1350 Port of New Orleans Place,New Orleans,LA,29.937032,-90.061621,address,"New Orleans, La",NOPB; CN; CPKC; UP; BNSF; NS; CSX,Steel; Aluminum,breakbulk; vessel-rail transload; warehousing,https://portnola.com/business/cargo/capabilities,,https://portnola.com/business/cargo/capabilities,verified,2026-09-27,
CHS Galveston Fertilizer Terminal,,Galveston,CHS Inc,,Galveston,TX,29.3013,-94.7977,port,"Galveston, Tx",GVSR; BNSF; UP,Fertilizer; Chemicals (Dry),dry bulk; vessel-rail transload,https://www.chsinc.com/,,https://www.chsinc.com/news-and-stories/2023/11/28/fertilizer-efficiency,verified,2026-09-27,Deep-water urea and phosphate import terminal; inland by unit train
Texas International Terminals,Texas International Terminals,Galveston,Texas International Terminals,4800 Old Port Industrial Rd,Galveston,TX,29.3013,-94.7977,port,"Galveston, Tx",GVSR; BNSF; UP,,dry bulk; vessel-rail transload,https://www.titerminals.com/,409-762-5400,https://www.titerminals.com/,verified,2026-09-27,
Watco Greens Port Industrial Terminal,Watco Terminal & Port Services,Houston,Watco,13609 Industrial Rd,Houston,TX,29.754516,-95.187127,address,"Houston, Tx",PTRA; UP; BNSF; CPKC,Steel; Aluminum,breakbulk; warehousing; vessel-rail transload,https://www.watco.com/service/terminals/greens-port-terminal/,,https://www.watco.com/service/terminals/greens-port-terminal/,verified,2026-09-27,Deepwater metals and breakbulk terminal on the Houston Ship Channel
Logistec Houston Industrial Terminal,,Houston,Logistec,,Houston,TX,29.7355,-95.25,port,"Houston, Tx",PTRA; UP; BNSF; CPKC,Steel,breakbulk; vessel-rail transload,https://www.logistecterminals.com/network/houston-industrial-terminal/,,https://www.logistecterminals.com/network/houston-industrial-terminal/,verified,2026-09-27,"Steel, metals, breakbulk and project cargo"
Jacintoport International Terminal,Jacintoport International Terminal,Houston,Seaboard Marine,16398 Jacintoport Blvd,Houston,TX,29.74749,-95.116105,address,"Houston, Tx",PTRA; UP; BNSF; CPKC,Forest Products,breakbulk; warehousing; vessel-rail transload,https://www.jacintoport.com/,713-673-7000,https://www.jacintoport.com/,verified,2026-09-27,Paper in rolls receiving and handling
Port Houston — Turning Basin / City Docks General Cargo Complex,Port Houston — Turning Basin / City Docks General Cargo Complex,Houston,Port Houston,,Houston,TX,29.7355,-95.25,port,"Houston, Tx",PTRA; UP; BNSF; CPKC,Steel,breakbulk; vessel-rail transload; warehousing,https://porthouston.com/infrastructure/facilities-capabilities/multi-purpose-breakbulk-project-cargo/,,https://porthouston.com/infrastructure/facilities-capabilities/multi-purpose-breakbulk-project-cargo/,verified,2026-09-27,
Port of Port Arthur — Forest Products Transit Sheds,,Port Arthur,Port of Port Arthur,221 Houston Ave,Port Arthur,TX,29.866819,-93.935898,address,"Port Arthur, Tx",CPKC; UP; BNSF,Forest Products,breakbulk; warehousing; vessel-rail transload,https://portpa.com/,,https://portpa.com/,verified,2026-09-27,Covered storage for imported pulp; CPKC direct
Port of Beaumont — Covered Storage & Dockside Rail,Port of Beaumont — Covered Storage & Dockside Rail,Beaumont,Port of Beaumont,1225 Main Street,Beaumont,TX,30.07937,-94.092609,address,"Beaumont, Tx",CPKC; UP; BNSF,Forest Products; Steel,breakbulk; warehousing; vessel-rail transload,https://www.pobtx.com/operations-and-facilities,,https://www.pobtx.com/operations-and-facilities,verified,2026-09-27,
Kinder Morgan Tampaplex,,Tampa,Kinder Morgan,,Tampa,FL,27.9506,-82.4572,port,"Tampa, Fl",CSX,Fertilizer; Minerals,dry bulk; vessel-rail transload,https://www.kindermorgan.com/Operations/Terminals/Index,,https://www.sec.gov/Archives/edgar/data/0000054502/000005450207000010/kmi10k2006.htm,verified,2026-09-27,Imported fertilizer and aggregates receipt and storage
Port Tampa Bay — On-Dock Breakbulk Warehousing,Port Tampa Bay — On-Dock Breakbulk Warehousing,Tampa,Port Tampa Bay,1101 Channelside Dr,Tampa,FL,27.951466,-82.445483,address,"Tampa, Fl",CSX,,breakbulk; vessel-rail transload; warehousing,https://www.porttb.com/,,https://www.porttb.com/about-the-port/,verified,2026-09-27,
Logistec Tampa Terminal,Logistec Tampa Terminal,Tampa,Logistec,1903 Eastport Dr,Tampa,FL,27.931234,-82.439669,address,"Tampa, Fl",CSX,,breakbulk; dry bulk; vessel-rail transload,https://www.logistecterminals.com/,,https://www.logistecterminals.com/,verified,2026-09-27,
Kinder Morgan Port Manatee Terminal,Kinder Morgan Port Manatee Terminal,Palmetto,Kinder Morgan,500 National St,Palmetto,FL,27.636416,-82.558595,address,"Port Manatee, Fl",CSX,Fertilizer; Minerals,dry bulk; warehousing; vessel-rail transload,https://www.kindermorgan.com/Operations/Terminals/Index,941-722-7719,https://www.kindermorgan.com/WWWKM/media/Terminals-Bulk/Lower-River-Port-Manatee.pdf,verified,2026-09-27,"Phosphate rock, fertilizers, gypsum and other dry bulk"
Logistec Port Manatee Terminal,Logistec Port Manatee Terminal,Palmetto,Logistec,300 S Dock St,Palmetto,FL,27.635997,-82.559562,address,"Port Manatee, Fl",CSX,,breakbulk; dry bulk; vessel-rail transload,https://www.logistecterminals.com/,941-729-6455,https://www.logistecterminals.com/,verified,2026-09-27,
Nassau Terminal (Relay Terminals),Nassau Terminal - Kindermorgan,Fernandiana Beach,Relay Terminals,,Fernandina Beach,FL,30.6697,-81.4626,port,"Fernandina, Fl",FCRD; CSX,Forest Products; Lumber,breakbulk; warehousing; vessel-rail transload,https://www.relayterminals.com/,,https://flaports.org/ports/port-of-fernandina/,verified,2026-09-27,"Wood pulp, lumber, panels and kraft linerboard"
Enstructure Jacksonville Terminal,Enstructure Jacksonville Terminal,Jacksonville,Enstructure,1751 Talleyrand Ave,Jacksonville,FL,30.344557,-81.628092,address,"Jacksonville, Fl",CSX; NS; FEC,Forest Products,breakbulk; warehousing; vessel-rail transload,https://enstructure.com/,,https://www.jaxport.com/breakbulk-business-steady-at-jaxport/,verified,2026-09-27,"Talleyrand pulp, paper reels and lumber"
JAXPORT — Talleyrand & Blount Island On-Dock Warehousing,JAXPORT — Talleyrand & Blount Island On-Dock Warehousing,Jacksonville,JAXPORT,2831 Talleyrand Ave,Jacksonville,FL,30.355806,-81.625348,address,"Jacksonville, Fl",CSX; NS; FEC,Forest Products,breakbulk; vessel-rail transload; warehousing,https://www.jaxport.com/cargo/cargo-types/breakbulk/,,https://www.jaxport.com/cargo/cargo-types/breakbulk/,verified,2026-09-27,
South Carolina Ports — Columbus Street Terminal,South Carolina Ports — Columbus Street Terminal,Charleston,South Carolina Ports Authority,1 Immigration St,Charleston,SC,32.801447,-79.933457,address,"Charleston, Sc",CSX; NS,Steel,breakbulk; vessel-rail transload; warehousing,https://scspa.com/facilities/columbus-street-terminal/,843-577-8786,https://scspa.com/facilities/columbus-street-terminal/,verified,2026-09-27,"Breakbulk steel: wire rod, coils, billets; on-dock rail warehouses"
Kinder Morgan Elizabeth River Terminal,Kinder Morgan Elizabeth River Terminal,Chesapeake,Kinder Morgan,4100 Buell St,Chesapeake,VA,36.782083,-76.298038,address,"Norfolk-Newport News, Va",NPBL; NS; CSX,Fertilizer; Minerals,dry bulk; vessel-rail transload,https://www.kindermorgan.com/Operations/Terminals/Index,757-543-0335,https://www.kindermorgan.com/WWWKM/media/Terminals-Bulk/Mid-Atlantic-Elizabeth-River-Terminal.pdf,verified,2026-09-27,"Import bulk: fertilizers, salt, aggregates, ores"
Port of Virginia — Newport News Marine Terminal,Port of Virginia — Newport News Marine Terminal,Newport News,Port of Virginia,450 Harbor Rd,Newport News,VA,36.966619,-76.425024,address,"Norfolk-Newport News, Va",CSX; NS,,breakbulk; vessel-rail transload; warehousing,https://www.portofvirginia.com/,,https://www.portofvirginia.com/wp-content/uploads/2024/03/2024-NNMT-1-Pager.pdf,verified,2026-09-27,
North Carolina State Ports Authority — Port of Wilmington,,Wilmington,North Carolina State Ports Authority,2202 Burnett Blvd,Wilmington,NC,34.196624,-77.947978,address,"Wilmington, Nc",CSX,Fertilizer; Chemicals (Liq); Forest Products,liquid bulk; dry bulk; breakbulk; vessel-rail transload,https://ncports.com/,,https://www.mckimcreed.com/portfolio-page/uan-tank-fields-at-nc-ports/,verified,2026-09-27,UAN import tank field with rail spur; bulk and breakbulk berths
Carolina Marine Terminal (Relay Terminals),Carolina Marine Terminal (Relay Terminals) - operated by Savage,Wilmington,Relay Terminals,3330 River Rd,Wilmington,NC,34.184207,-77.95177,address,"Wilmington, Nc",CSX,Fertilizer,dry bulk; vessel-rail transload,https://carolinamarineterminal.com/,310-847-4080,https://meherrinfertilizer.com/terminals/,verified,2026-09-27,Potash import terminal
Kinder Morgan Woodbine Street Terminal,Kinder Morgan Woodbine Street Terminal,Wilmington,Kinder Morgan,1710 Woodbine St,Wilmington,NC,34.208841,-77.950749,address,"Wilmington, Nc",CSX,Fertilizer; Chemicals (Liq),liquid bulk; vessel-rail transload,https://www.kindermorgan.com/Operations/Terminals/Index,,https://www.kindermorgan.com/Operations/Terminals/Index,verified,2026-09-27,
Kinder Morgan River Road Terminal,Kinder Morgan River Road Terminal,Wilmington,Kinder Morgan,,Wilmington,NC,34.2257,-77.9447,port,"Wilmington, Nc",CSX,Fertilizer; Chemicals (Liq),liquid bulk; vessel-rail transload,https://www.kindermorgan.com/Operations/Terminals/Index,,https://www.kindermorgan.com/Operations/Terminals/Index,verified,2026-09-27,
Port of Morehead City General Cargo Terminal,Port of Morehead City General Cargo Terminal,Morehead City,North Carolina State Ports Authority,113 Arendell St,Morehead City,NC,34.720614,-76.69688,address,"Beaufort-Morehead City, Nc",NS,Fertilizer,dry bulk; breakbulk; vessel-rail transload,https://ncports.com/port-facilities/port-of-morehead-city/,800-334-0682,https://meherrinfertilizer.com/terminals/,verified,2026-09-27,
Rukert Terminals,Rukert Terminals,Baltimore,Rukert Terminals Corp,2021 S Clinton St,Baltimore,MD,39.268118,-76.568727,address,"Baltimore, Md",Canton Railroad; CSX; NS,Steel; Aluminum; Fertilizer; Minerals,breakbulk; dry bulk; warehousing; vessel-rail transload,https://rukert.com/,,https://rukert.com/cargo,verified,2026-09-27,"Coils, rebar, wire rod, plate, slabs, aluminum ingot, fertilizers and ores; private terminal"
Tradepoint Atlantic — Tradepoint Terminals & Tradepoint Rail,Tradepoint Atlantic Rail Transload,Baltimore,Tradepoint Atlantic,1600 Sparrows Point Blvd,Baltimore,MD,39.2904,-76.6122,port,"Baltimore, Md",NS; CSX,Steel,breakbulk; dry bulk; vessel-rail transload,https://www.tradepointatlantic.com/tradepoint-terminals/,410-709-1301,https://www.tradepointatlantic.com/tradepoint-terminals/,verified,2026-09-27,Bulk and breakbulk marine terminal at Sparrows Point with on-site rail yard
Balterm — South Locust Point Marine Terminal (Logistec),South Locust Point Marine Terminal,Baltimore,Logistec (Balterm),2001 E McComas St,Baltimore,MD,39.264841,-76.592752,address,"Baltimore, Md",CSX; NS,Forest Products; Lumber,breakbulk; warehousing; vessel-rail transload,https://balterm.logistec.com/,,https://mpa.maryland.gov/pages/forest-products.aspx,verified,2026-09-27,"Imported paper, pulp, lumber and plywood"
Access World USA Baltimore,Access World USA Baltimore,Baltimore,Access World (Glencore),2200 Broening Hwy,Baltimore,MD,39.263085,-76.542998,address,"Baltimore, Md",CSX; NS,Aluminum,warehousing; breakbulk; vessel-rail transload,https://www.accessworld.com/locations/north-america/,410-327-2931,https://www.accessworld.com/services/commodity-exchange-warehousing/,verified,2026-09-27,LME/CME exchange warehousing for aluminum
S.H. Bell Patapsco Avenue Terminal,S.H. Bell Patapsco Avenue Terminal,Baltimore,S.H. Bell Company,1200 E Patapsco Ave,Baltimore,MD,39.233548,-76.593121,address,"Baltimore, Md",CSX; NS,Aluminum,warehousing; breakbulk; vessel-rail transload,https://shbellco.com/facilities/baltimore-patapsco-avenue-terminal/,412-963-6910,https://shbellco.com/lme-warehousing/,verified,2026-09-27,LME-approved aluminum warehousing
Port of Baltimore — Dundalk Marine Terminal (MPA),Port of Baltimore — Dundalk Marine Terminal (MPA),Baltimore,Maryland Port Administration,2700 Broening Hwy,Baltimore,MD,39.257632,-76.534556,address,"Baltimore, Md",CSX; NS,Forest Products,breakbulk; vessel-rail transload; warehousing,https://mpa.maryland.gov/pages/dundalk-marine-terminal.aspx,,https://mpa.maryland.gov/pages/forest-products.aspx,verified,2026-09-27,
Tioga Marine Terminal (Delaware River Stevedores),Tioga Marine Terminal,Philadelphia,Delaware River Stevedores,3601 N Delaware Ave,Philadelphia,PA,39.978853,-75.095815,address,"Philadelphia, Pa",CSX; NS,Steel; Forest Products,breakbulk; warehousing; vessel-rail transload,https://www.d-r-s.com/,,https://www.philaport.com/facilities/tioga-marine-terminal/,verified,2026-09-27,Steel on six berths; eucalyptus pulp
PhilaPort — Tioga Marine Terminal,PhilaPort — Tioga Marine Terminal,Philadelphia,PhilaPort,3601 N Delaware Ave,Philadelphia,PA,39.978853,-75.095815,address,"Philadelphia, Pa",CSX; NS,Steel; Forest Products,breakbulk; vessel-rail transload; warehousing,https://www.philaport.com/facilities/tioga-marine-terminal/,,https://www.philaport.com/facilities/tioga-marine-terminal/,verified,2026-09-27,
Holt Logistics — Packer Avenue Marine Terminal,,Philadelphia,Holt Logistics,3301 S Columbus Blvd,Philadelphia,PA,39.9526,-75.1652,port,"Philadelphia, Pa",CSX; NS,Steel; Forest Products,breakbulk; vessel-rail transload,https://www.holtlogistics.com/facilities/packer-ave-marine-terminal/,,https://www.holtlogistics.com/facilities/packer-ave-marine-terminal/,verified,2026-09-27,Steel products among the breakbulk cargoes
Penn Warehousing & Distribution — Piers 78/80,,Philadelphia,Penn Warehousing & Distribution,2147 S Columbus Blvd,Philadelphia,PA,39.9526,-75.1652,port,"Philadelphia, Pa",CSX; NS,Forest Products,breakbulk; warehousing; vessel-rail transload,http://www.pennwarehousing.com/,,https://www.inquirer.com/business/philadelphia-regional-port-authority-penn-city-rent-20241209.html,verified,2026-09-27,"Lumber, paper rolls and wood pulp"
Penn Terminals,Penn Terminals Incorporated,Eddystone,Penn Terminals,1 Saville Ave,Eddystone,PA,39.856489,-75.340499,address,"Chester, Pa",CSX; NS,Steel; Forest Products,breakbulk; warehousing; vessel-rail transload,https://www.pennterminals.com/,,https://www.pennterminals.com/,listed,,
Joseph A. Balzano Marine Terminal (South Jersey Port Corp),Broadway Marine Terminal,Camden,South Jersey Port Corporation,101 Joseph A Balzano Blvd,Camden,NJ,39.9526,-75.1652,port,"Philadelphia, Pa",CSX; NS,Steel,breakbulk; warehousing; vessel-rail transload,https://southjerseyport.com/facilities/balzano/,,https://southjerseyport.com/facilities/balzano/,verified,2026-09-27,All types of steel cargo; on-berth rail
Port of Wilmington (Enstructure),Port of Wilmington (Enstructure),Wilmington,Enstructure,1 Hausel Rd,Wilmington,DE,39.716671,-75.528577,address,"Wilmington, De",NS; CSX,,breakbulk; vessel-rail transload; warehousing,https://portwilmington.com/,302-472-7679,https://portwilmington.com/,verified,2026-09-27,
Port of Portland — Terminal 4,,Portland,Port of Portland,11040 N Lombard St,Portland,OR,45.606954,-122.766694,address,"Portland, Or",BNSF; UP,Fertilizer; Minerals,dry bulk; liquid bulk; vessel-rail transload,https://www.portofportland.com/Terminal4,,https://www.portofportland.com/Terminal4,verified,2026-09-27,Bulk fertilizer at Berth 408 and mineral bulk
Port of Portland — Terminal 5 (Portland Bulk Terminals),,Portland,Port of Portland,,Portland,OR,45.5152,-122.6784,port,"Portland, Or",UP; BNSF,Fertilizer,dry bulk; vessel-rail transload,https://www.portofportland.com/Terminal5,,https://www.portofportland.com/Terminal5,verified,2026-09-27,Potash unit-train receiving for export
Port of Stockton,Port of Stockton,Stockton,Port of Stockton,315 Fyffe Avenue,Stockton,CA,37.949104,-121.340392,address,"Stockton, Ca",BNSF; UP,Fertilizer; Chemicals (Dry); Minerals,dry bulk; liquid bulk; breakbulk; vessel-rail transload; warehousing,https://www.portofstockton.com/,209-946-0246,https://www.portofstockton.com/warehouse-facilities/,verified,2026-09-27,
Midwest Terminals of Toledo,Midwest Terminals,Toledo,Midwest Terminals,3518 St Lawrence Dr,Toledo,OH,41.687384,-83.469442,address,"Toledo-Sandusky, Oh",NS; CSX; CN,Minerals; Aluminum; Steel,dry bulk; breakbulk; warehousing; vessel-rail transload,https://www.midwestterminals.com/,419-897-6868,https://www.midwestterminals.com/,verified,2026-09-27,Great Lakes general cargo and bulk
